{
 "radio1": {
  "s_mismatch": {
   "g": 1.395,
   "ϕ": 0.000,
   "g1": 0.311,
   "g2": 0.000,
   "g3": -0.000,
   "g4": 1.689
  },
  "s_cfo": {
   "f": 279,
   "fs": 4.0e6,
   "ϕ": 0.0,
   "ω": 6.9750e-5
  },
  "s_phaseNoise": {
   "name": "Wiener",
   "σ2": 9.30e-8,
   "seed": -1,
   "ϕ̄": 2.8380624302976587,
   "counter": 263040
  },
  "s_nonLinearPA": {
   "name": "Saleh",
   "α_AM": 2.008,
   "β_AM": 1.071,
   "α_PM": 3.723,
   "β_PM": 8.467
  }
 },
 "radio2": {
  "s_mismatch": {
   "g": 1.448,
   "ϕ": 0.022,
   "g1": 0.302,
   "g2": 0.003,
   "g3": -0.018,
   "g4": 1.698
  },
  "s_cfo": {
   "f": 289,
   "fs": 4.0e6,
   "ϕ": 0.0,
   "ω": 7.23e-5
  },
  "s_phaseNoise": {
   "name": "Wiener",
   "σ2": 9.65e-8,
   "seed": -1,
   "ϕ̄": 2.3207159785939586,
   "counter": 263040
  },
  "s_nonLinearPA": {
   "name": "Saleh",
   "α_AM": 2.083,
   "β_AM": 1.111,
   "α_PM": 3.863,
   "β_PM": 8.785
  }
 },
 "radio3": {
  "s_mismatch": {
   "g": 1.500,
   "ϕ": 0.044,
   "g1": 0.294,
   "g2": 0.006,
   "g3": -0.037,
   "g4": 1.706
  },
  "s_cfo": {
   "f": 300,
   "fs": 4.0e6,
   "ϕ": 0.0,
   "ω": 7.50e-5
  },
  "s_phaseNoise": {
   "name": "Wiener",
   "σ2": 1.0e-7,
   "seed": -1,
   "ϕ̄": -2.7088141581926783,
   "counter": 263040
  },
  "s_nonLinearPA": {
   "name": "Saleh",
   "α_AM": 2.159,
   "β_AM": 1.152,
   "α_PM": 4.003,
   "β_PM": 9.104
  }
 },
 "radio4": {
  "s_mismatch": {
   "g": 1.553,
   "ϕ": 0.065,
   "g1": 0.285,
   "g2": 0.009,
   "g3": -0.056,
   "g4": 1.714
  },
  "s_cfo": {
   "f": 310.5,
   "fs": 4.0e6,
   "ϕ": 0.0,
   "ω": 7.763e-5
  },
  "s_phaseNoise": {
   "name": "Wiener",
   "σ2": 1.035e-7,
   "seed": -1,
   "ϕ̄": 2.845993773391485,
   "counter": 263040
  },
  "s_nonLinearPA": {
   "name": "Saleh",
   "α_AM": 2.234,
   "β_AM": 1.192,
   "α_PM": 4.143,
   "β_PM": 9.423
  }
 },
 "radio5": {
  "s_mismatch": {
   "g": 1.605,
   "ϕ": 0.087,
   "g1": 0.276,
   "g2": 0.012,
   "g3": -0.075,
   "g4": 1.722
  },
  "s_cfo": {
   "f": 321,
   "fs": 4.0e6,
   "ϕ": 0.0,
   "ω": 8.020e-5
  },
  "s_phaseNoise": {
   "name": "Wiener",
   "σ2": 1.07e-7,
   "seed": -1,
   "ϕ̄": -2.3737433649817548,
   "counter": 263040
  },
  "s_nonLinearPA": {
    "name": "Saleh",
    "α_AM": 2.310,
    "β_AM": 1.232,
    "α_PM": 4.284,
    "β_PM": 9.741
  }
 }
}
