{
    "radio1": {
        "s_mismatch": {
         "g": 1.455,
         "ϕ": 0.000,
         "g1": 0.301,
         "g2": 0.000,
         "g3": -0.000,
         "g4": 1.699
        },
        "s_cfo": {
         "f": 291,
         "fs": 4.0e6,
         "ϕ": 0.0,
         "ω": 7.275e-5
        },
        "s_phaseNoise": {
         "name": "Wiener",
         "σ2": 9.70e-8,
         "seed": -1,
         "ϕ̄": 2.3207159785939586,
         "counter": 263040
        },
        "s_nonLinearPA": {
         "name": "Saleh",
         "α_AM": 2.094,
         "β_AM": 1.117,
         "α_PM": 3.883,
         "β_PM": 8.831
        }
       },
    "radio2": {
     "s_mismatch": {
      "g": 1.478,
      "ϕ": 0.022,
      "g1": 0.297,
      "g2": 0.003,
      "g3": -0.019,
      "g4": 1.703
     },
     "s_cfo": {
      "f": 295.5,
      "fs": 4.0e6,
      "ϕ": 0.0,
      "ω": 7.388e-5
     },
     "s_phaseNoise": {
      "name": "Wiener",
      "σ2": 9.850e-8,
      "seed": -1,
      "ϕ̄": 2.8380624302976587,
      "counter": 263040
     },
     "s_nonLinearPA": {
      "name": "Saleh",
      "α_AM": 2.126,
      "β_AM": 1.134,
      "α_PM": 3.943,
      "β_PM": 8.967
     }
    },
    "radio3": {
        "s_mismatch": {
         "g": 1.500,
         "ϕ": 0.044,
         "g1": 0.294,
         "g2": 0.006,
         "g3": -0.037,
         "g4": 1.706
        },
        "s_cfo": {
         "f": 300,
         "fs": 4.0e6,
         "ϕ": 0.0,
         "ω": 7.5e-5
        },
        "s_phaseNoise": {
         "name": "Wiener",
         "σ2": 1.0e-7,
         "seed": -1,
         "ϕ̄": -2.7088141581926783,
         "counter": 263040
        },
        "s_nonLinearPA": {
         "name": "Saleh",
         "α_AM": 2.159,
         "β_AM": 1.152,
         "α_PM": 4.003,
         "β_PM": 9.104
        }
       },
    "radio4": {
     "s_mismatch": {
      "g": 1.523,
      "ϕ": 0.065,
      "g1": 0.290,
      "g2": 0.009,
      "g3": -0.056,
      "g4": 1.709
     },
     "s_cfo": {
      "f": 304.5,
      "fs": 4.0e6,
      "ϕ": 0.0,
      "ω": 7.613e-5
     },
     "s_phaseNoise": {
      "name": "Wiener",
      "σ2": 1.015e-7,
      "seed": -1,
      "ϕ̄": 2.845993773391485,
      "counter": 263040
     },
     "s_nonLinearPA": {
      "name": "Saleh",
      "α_AM": 2.191,
      "β_AM": 1.169,
      "α_PM": 4.063,
      "β_PM": 9.241
     }
    },
    "radio5": {
     "s_mismatch": {
      "g": 1.545,
      "ϕ": 0.087,
      "g1": 0.286,
      "g2": 0.012,
      "g3": -0.075,
      "g4": 1.712
     },
     "s_cfo": {
      "f": 309.0,
      "fs": 4.0e6,
      "ϕ": 0.0,
      "ω": 7.725e-5
     },
     "s_phaseNoise": {
      "name": "Wiener",
      "σ2": 1.030e-7,
      "seed": -1,
      "ϕ̄": 1.6726475232737072,
      "counter": 263040
     },
     "s_nonLinearPA": {
      "name": "Saleh",
      "α_AM": 2.223,
      "β_AM": 1.186,
      "α_PM": 4.123,
      "β_PM": 9.377
     }
    }
   }
   