{
    "radio1": {
        "s_mismatch": {
         "g": 1.425,
         "ϕ": 0.000,
         "g1": 0.306,
         "g2": 0.000,
         "g3": -0.000,
         "g4": 1.694
        },
        "s_cfo": {
         "f": 285,
         "fs": 4.0e6,
         "ϕ": 0.0,
         "ω": 7.125e-5
        },
        "s_phaseNoise": {
         "name": "Wiener",
         "σ2": 9.50e-8,
         "seed": -1,
         "ϕ̄": 2.3207159785939586,
         "counter": 263040
        },
        "s_nonLinearPA": {
         "name": "Saleh",
         "α_AM": 2.051,
         "β_AM": 1.094,
         "α_PM": 3.803,
         "β_PM": 8.649
        }
       },
    "radio2": {
     "s_mismatch": {
      "g": 1.463,
      "ϕ": 0.022,
      "g1": 0.300,
      "g2": 0.003,
      "g3": -0.018,
      "g4": 1.700
     },
     "s_cfo": {
      "f": 292.5,
      "fs": 4.0e6,
      "ϕ": 0.0,
      "ω": 7.313e-5
     },
     "s_phaseNoise": {
      "name": "Wiener",
      "σ2": 9.750e-8,
      "seed": -1,
      "ϕ̄": 2.8380624302976587,
      "counter": 263040
     },
     "s_nonLinearPA": {
      "name": "Saleh",
      "α_AM": 2.105,
      "β_AM": 1.123,
      "α_PM": 3.903,
      "β_PM": 8.876
     }
    },
    "radio3": {
        "s_mismatch": {
         "g": 1.500,
         "ϕ": 0.044,
         "g1": 0.294,
         "g2": 0.006,
         "g3": -0.037,
         "g4": 1.706
        },
        "s_cfo": {
         "f": 300,
         "fs": 4.0e6,
         "ϕ": 0.0,
         "ω": 7.5e-5
        },
        "s_phaseNoise": {
         "name": "Wiener",
         "σ2": 1.0e-7,
         "seed": -1,
         "ϕ̄": -2.7088141581926783,
         "counter": 263040
        },
        "s_nonLinearPA": {
         "name": "Saleh",
         "α_AM": 2.159,
         "β_AM": 1.152,
         "α_PM": 4.003,
         "β_PM": 9.104
        }
       },
    "radio4": {
     "s_mismatch": {
      "g": 1.538,
      "ϕ": 0.065,
      "g1": 0.287,
      "g2": 0.009,
      "g3": -0.056,
      "g4": 1.711
     },
     "s_cfo": {
      "f": 307.5,
      "fs": 4.0e6,
      "ϕ": 0.0,
      "ω": 7.688e-5
     },
     "s_phaseNoise": {
      "name": "Wiener",
      "σ2": 1.025e-7,
      "seed": -1,
      "ϕ̄": 2.845993773391485,
      "counter": 263040
     },
     "s_nonLinearPA": {
      "name": "Saleh",
      "α_AM": 2.213,
      "β_AM": 1.180,
      "α_PM": 4.103,
      "β_PM": 9.332
     }
    },
    "radio5": {
     "s_mismatch": {
      "g": 1.575,
      "ϕ": 0.087,
      "g1": 0.281,
      "g2": 0.012,
      "g3": -0.075,
      "g4": 1.717
     },
     "s_cfo": {
      "f": 315.0,
      "fs": 4.0e6,
      "ϕ": 0.0,
      "ω": 7.875e-5
     },
     "s_phaseNoise": {
      "name": "Wiener",
      "σ2": 1.05e-7,
      "seed": -1,
      "ϕ̄": 1.6726475232737072,
      "counter": 263040
     },
     "s_nonLinearPA": {
      "name": "Saleh",
      "α_AM": 2.267,
      "β_AM": 1.209,
      "α_PM": 4.203,
      "β_PM": 9.559
     }
    }
   }
   