{
    "radio2": {
     "s_mismatch": {
      "g": 1.455,
      "ϕ": 0.017,
      "g1": 0.301,
      "g2": 0.003,
      "g3": -0.015,
      "g4": 1.699
     },
     "s_cfo": {
      "f": 291,
      "fs": 4.0e6,
      "ϕ": 0.0,
      "ω": 7.275e-5
     },
     "s_phaseNoise": {
      "name": "Wiener",
      "σ2": 9.70000000000e-8,
      "seed": -1,
      "ϕ̄": 2.8380624302976587,
      "counter": 263040
     },
     "s_nonLinearPA": {
      "name": "Saleh",
      "α_AM": 2.094,
      "β_AM": 1.117,
      "α_PM": 3.883,
      "β_PM": 8.831
     }
    },
    "radio1": {
     "s_mismatch": {
      "g": 1.425,
      "ϕ": 0.000,
      "g1": 0.306,
      "g2": 0.000,
      "g3": -0.000,
      "g4": 1.694
     },
     "s_cfo": {
      "f": 285,
      "fs": 4.0e6,
      "ϕ": 0.0,
      "ω": 7.125e-5
     },
     "s_phaseNoise": {
      "name": "Wiener",
      "σ2": 9.50e-8,
      "seed": -1,
      "ϕ̄": 2.3207159785939586,
      "counter": 263040
     },
     "s_nonLinearPA": {
      "name": "Saleh",
      "α_AM": 2.051,
      "β_AM": 1.094,
      "α_PM": 3.803,
      "β_PM": 8.649
     }
    },
    "radio4": {
     "s_mismatch": {
      "g": 1.515,
      "ϕ": 0.052,
      "g1": 0.291,
      "g2": 0.008,
      "g3": -0.045,
      "g4": 1.708
     },
     "s_cfo": {
      "f": 303,
      "fs": 4.0e6,
      "ϕ": 0.0,
      "ω": 7.575e-5
     },
     "s_phaseNoise": {
      "name": "Wiener",
      "σ2": 1.01e-7,
      "seed": -1,
      "ϕ̄": 2.845993773391485,
      "counter": 263040
     },
     "s_nonLinearPA": {
      "name": "Saleh",
      "α_AM": 2.180,
      "β_AM": 1.163,
      "α_PM": 4.043,
      "β_PM": 9.195
     }
    },
    "radio6": {
     "s_mismatch": {
      "g": 1.575,
      "ϕ": 0.087,
      "g1": 0.281,
      "g2": 0.012,
      "g3": -0.075,
      "g4": 1.717
     },
     "s_cfo": {
      "f": 315,
      "fs": 4.0e6,
      "ϕ": 0.0,
      "ω": 7.875e-5
     },
     "s_phaseNoise": {
      "name": "Wiener",
      "σ2": 1.05e-7,
      "seed": -1,
      "ϕ̄": -2.3737433649817548,
      "counter": 263040
     },
     "s_nonLinearPA": {
      "name": "Saleh",
      "α_AM": 2.267,
      "β_AM": 1.209,
      "α_PM": 4.203,
      "β_PM": 9.559
     }
    },
    "radio5": {
     "s_mismatch": {
      "g": 1.545,
      "ϕ": 0.070,
      "g1": 0.286,
      "g2": 0.010,
      "g3": -0.060,
      "g4": 1.713
     },
     "s_cfo": {
      "f": 309.0,
      "fs": 4.0e6,
      "ϕ": 0.0,
      "ω": 7.725e-5
     },
     "s_phaseNoise": {
      "name": "Wiener",
      "σ2": 1.03e-7,
      "seed": -1,
      "ϕ̄": 1.6726475232737072,
      "counter": 263040
     },
     "s_nonLinearPA": {
      "name": "Saleh",
      "α_AM": 2.223,
      "β_AM": 1.186,
      "α_PM": 4.123,
      "β_PM": 9.377
     }
    },
    "radio3": {
     "s_mismatch": {
      "g": 1.485,
      "ϕ": 0.035,
      "g1": 0.296,
      "g2": 0.005,
      "g3": -0.030,
      "g4": 1.704
     },
     "s_cfo": {
      "f": 297,
      "fs": 4.0e6,
      "ϕ": 0.0,
      "ω": 7.4255e-5
     },
     "s_phaseNoise": {
      "name": "Wiener",
      "σ2": 9.9e-8,
      "seed": -1,
      "ϕ̄": -2.7088141581926783,
      "counter": 263040
     },
     "s_nonLinearPA": {
      "name": "Saleh",
      "α_AM": 2.137,
      "β_AM": 1.140,
      "α_PM": 3.963,
      "β_PM": 9.013
     }
    }
   }
   