{
 "radio1": {
  "s_mismatch": {
   "g": 1.350,
   "ϕ": 0.000,
   "g1": 0.318,
   "g2": 0.000,
   "g3": -0.000,
   "g4": 1.682
  },
  "s_cfo": {
   "f": 270,
   "fs": 4.0e6,
   "ϕ": 0.0,
   "ω": 6.750e-5
  },
  "s_phaseNoise": {
   "name": "Wiener",
   "σ2": 9.0e-8,
   "seed": -1,
   "ϕ̄": 2.8380624302976587,
   "counter": 263040
  },
  "s_nonLinearPA": {
   "name": "Saleh",
   "α_AM": 1.943,
   "β_AM": 1.037,
   "α_PM": 3.603,
   "β_PM": 8.194
  }
 },
 "radio2": {
  "s_mismatch": {
   "g": 1.425,
   "ϕ": 0.022,
   "g1": 0.306,
   "g2": 0.003,
   "g3": -0.018,
   "g4": 1.694
  },
  "s_cfo": {
   "f": 285,
   "fs": 4.0e6,
   "ϕ": 0.0,
   "ω": 7.125e-5
  },
  "s_phaseNoise": {
   "name": "Wiener",
   "σ2": 9.50e-8,
   "seed": -1,
   "ϕ̄": 2.3207159785939586,
   "counter": 263040
  },
  "s_nonLinearPA": {
   "name": "Saleh",
   "α_AM": 2.051,
   "β_AM": 1.094,
   "α_PM": 3.803,
   "β_PM": 8.649
  }
 },
 "radio4": {
  "s_mismatch": {
   "g": 1.575,
   "ϕ": 0.065,
   "g1": 0.281,
   "g2": 0.009,
   "g3": -0.056,
   "g4": 1.718
  },
  "s_cfo": {
   "f": 315,
   "fs": 4.0e6,
   "ϕ": 0.0,
   "ω": 7.875e-5
  },
  "s_phaseNoise": {
   "name": "Wiener",
   "σ2": 1.05e-7,
   "seed": -1,
   "ϕ̄": 2.845993773391485,
   "counter": 263040
  },
  "s_nonLinearPA": {
   "name": "Saleh",
   "α_AM": 2.267,
   "β_AM": 1.209,
   "α_PM": 4.203,
   "β_PM": 9.559
  }
 },
 "radio5": {
  "s_mismatch": {
   "g": 1.650,
   "ϕ": 0.087,
   "g1": 0.269,
   "g2": 0.012,
   "g3": -0.075,
   "g4": 1.729
  },
  "s_cfo": {
   "f": 330,
   "fs": 4.0e6,
   "ϕ": 0.0,
   "ω": 8.250e-5
  },
  "s_phaseNoise": {
   "name": "Wiener",
   "σ2": 1.10e-7,
   "seed": -1,
   "ϕ̄": -2.3737433649817548,
   "counter": 263040
  },
  "s_nonLinearPA": {
    "name": "Saleh",
    "α_AM": 2.375,
    "β_AM": 1.267,
    "α_PM": 4.404,
    "β_PM": 10.014
  }
 },
 "radio3": {
  "s_mismatch": {
   "g": 1.500,
   "ϕ": 0.044,
   "g1": 0.294,
   "g2": 0.006,
   "g3": -0.037,
   "g4": 1.706
  },
  "s_cfo": {
   "f": 300,
   "fs": 4.0e6,
   "ϕ": 0.0,
   "ω": 7.50e-5
  },
  "s_phaseNoise": {
   "name": "Wiener",
   "σ2": 1.0e-7,
   "seed": -1,
   "ϕ̄": -2.7088141581926783,
   "counter": 263040
  },
  "s_nonLinearPA": {
   "name": "Saleh",
   "α_AM": 2.159,
   "β_AM": 1.152,
   "α_PM": 4.003,
   "β_PM": 9.104
  }
 }
}
