{
 "radio1": {
  "s_mismatch": {
   "g": 1.350,
   "ϕ": 0.000,
   "g1": 0.318,
   "g2": 0.000,
   "g3": -0.000,
   "g4": 1.682
  },
  "s_cfo": {
   "f": 270,
   "fs": 4.0e6,
   "ϕ": 0.0,
   "ω": 6.750e-5
  },
  "s_phaseNoise": {
   "name": "Wiener",
   "σ2": 9.000000000e-8,
   "seed": -1,
   "ϕ̄": 2.8380624302976587,
   "counter": 263040
  },
  "s_nonLinearPA": {
   "name": "Saleh",
   "α_AM": 1.943,
   "β_AM": 1.037,
   "α_PM": 3.603,
   "β_PM": 8.194
  }
 },
 "radio2": {
  "s_mismatch": {
   "g": 1.410,
   "ϕ": 0.017,
   "g1": 0.308,
   "g2": 0.003,
   "g3": -0.015,
   "g4": 1.692
  },
  "s_cfo": {
   "f": 282,
   "fs": 4.0e6,
   "ϕ": 0.0,
   "ω": 7.05e-5
  },
  "s_phaseNoise": {
   "name": "Wiener",
   "σ2": 9.40e-8,
   "seed": -1,
   "ϕ̄": 2.3207159785939586,
   "counter": 263040
  },
  "s_nonLinearPA": {
   "name": "Saleh",
   "α_AM": 2.029,
   "β_AM": 1.083,
   "α_PM": 3.763,
   "β_PM": 8.558
  }
 },
 "radio4": {
  "s_mismatch": {
   "g": 1.530,
   "ϕ": 0.052,
   "g1": 0.289,
   "g2": 0.0008,
   "g3": -0.045,
   "g4": 1.711
  },
  "s_cfo": {
   "f": 306,
   "fs": 4.0e6,
   "ϕ": 0.0,
   "ω": 7.650e-5
  },
  "s_phaseNoise": {
   "name": "Wiener",
   "σ2": 1.02e-7,
   "seed": -1,
   "ϕ̄": 2.845993773391485,
   "counter": 263040
  },
  "s_nonLinearPA": {
   "name": "Saleh",
   "α_AM": 2.202,
   "β_AM": 1.175,
   "α_PM": 4.083,
   "β_PM": 9.286
  }
 },
 "radio5": {
  "s_mismatch": {
   "g": 1.590,
   "ϕ": 0.070,
   "g1": 0.279,
   "g2": 0.010,
   "g3": -0.060,
   "g4": 1.720
  },
  "s_cfo": {
   "f": 318,
   "fs": 4.0e6,
   "ϕ": 0.0,
   "ω": 7.950e-5
  },
  "s_phaseNoise": {
   "name": "Wiener",
   "σ2": 1.06e-7,
   "seed": -1,
   "ϕ̄": -2.3737433649817548,
   "counter": 263040
  },
  "s_nonLinearPA": {
    "name": "Saleh",
    "α_AM": 2.288,
    "β_AM": 1.221,
    "α_PM": 4.243,
    "β_PM": 9.650
  }
 },
 "radio6": {
  "s_mismatch": {
   "g": 1.650,
   "ϕ": 0.087,
   "g1": 0.269,
   "g2": 0.012,
   "g3": -0.075,
   "g4": 1.729
  },
  "s_cfo": {
   "f": 330.0,
   "fs": 4.0e6,
   "ϕ": 0.0,
   "ω": 8.25e-5
  },
  "s_phaseNoise": {
   "name": "Wiener",
   "σ2": 1.1e-7,
   "seed": -1,
   "ϕ̄": 1.6726475232737072,
   "counter": 263040
  },
  "s_nonLinearPA": {
   "name": "Saleh",
   "α_AM": 2.375,
   "β_AM": 1.267,
   "α_PM": 4.404,
   "β_PM": 10.014
  }
 },
 "radio3": {
  "s_mismatch": {
   "g": 1.470,
   "ϕ": 0.035,
   "g1": 0.299,
   "g2": 0.005,
   "g3": -0.030,
   "g4": 1.701
  },
  "s_cfo": {
   "f": 294,
   "fs": 4.0e6,
   "ϕ": 0.0,
   "ω": 7.350e-5
  },
  "s_phaseNoise": {
   "name": "Wiener",
   "σ2": 9.8e-8,
   "seed": -1,
   "ϕ̄": -2.7088141581926783,
   "counter": 263040
  },
  "s_nonLinearPA": {
   "name": "Saleh",
   "α_AM": 2.116,
   "β_AM": 1.129,
   "α_PM": 3.923,
   "β_PM": 8.922
  }
 }
}
